{"cameraMode":{"drawMode":0,"name":"Shaded","section":"Shading Mode"},"sceneLighting":true,"audioPlay":false,"sceneViewState":{"showFog":true,"showMaterialUpdate":true,"showSkybox":false,"showFlares":true,"showImageEffects":true,"showParticleSystems":true},"in2DMode":false,"pivot":{"x":309.09637451171877,"y":93.1756362915039,"z":137.35284423828126},"rotation":{"x":-0.016791818663477899,"y":0.043126918375492099,"z":-0.0007379008457064629,"w":-0.998974084854126},"size":227.2877960205078,"orthographic":false}