{"cameraMode":{"drawMode":0,"name":"Shaded","section":"Shading Mode"},"sceneLighting":true,"audioPlay":false,"sceneViewState":{"showFog":true,"showMaterialUpdate":true,"showSkybox":false,"showFlares":true,"showImageEffects":true,"showParticleSystems":true},"in2DMode":false,"pivot":{"x":6.084323883056641,"y":2.6084108352661135,"z":3.87728214263916},"rotation":{"x":0.28278517723083498,"y":0.6187585592269898,"z":-0.25455743074417117,"w":0.6873230338096619},"size":14.970136642456055,"orthographic":false}