{"cameraMode":{"drawMode":0,"name":"Shaded","section":"Shading Mode"},"sceneLighting":true,"audioPlay":false,"sceneViewState":{"showFog":true,"showMaterialUpdate":true,"showSkybox":false,"showFlares":true,"showImageEffects":true,"showParticleSystems":true},"in2DMode":false,"pivot":{"x":8.377426147460938,"y":-4.149101257324219,"z":3.0438156127929689},"rotation":{"x":-0.3384878933429718,"y":-0.008795988745987416,"z":0.003192655276507139,"w":-0.9409764409065247},"size":27.28463363647461,"orthographic":false}