{"cameraMode":{"drawMode":0,"name":"Shaded","section":"Shading Mode"},"sceneLighting":true,"audioPlay":false,"sceneViewState":{"showFog":true,"showMaterialUpdate":true,"showSkybox":false,"showFlares":true,"showImageEffects":true,"showParticleSystems":true},"in2DMode":false,"pivot":{"x":5.411170959472656,"y":-7.948429107666016,"z":-40.31848907470703},"rotation":{"x":0.3882129192352295,"y":0.4685935080051422,"z":-0.2406449019908905,"w":0.7562505602836609},"size":27.767967224121095,"orthographic":false}