{"cameraMode":{"drawMode":0,"name":"Shaded","section":"Shading Mode"},"sceneLighting":true,"audioPlay":false,"sceneViewState":{"showFog":true,"showMaterialUpdate":true,"showSkybox":false,"showFlares":true,"showImageEffects":true,"showParticleSystems":true},"in2DMode":false,"pivot":{"x":-49.17623519897461,"y":47.92799377441406,"z":434.7665100097656},"rotation":{"x":0.3223010301589966,"y":0.3937056064605713,"z":-0.14974194765090943,"w":0.8478259444236755},"size":4.017477512359619,"orthographic":false}