{"cameraMode":{"drawMode":0,"name":"Shaded","section":"Shading Mode"},"sceneLighting":true,"audioPlay":false,"sceneViewState":{"showFog":true,"showMaterialUpdate":true,"showSkybox":false,"showFlares":true,"showImageEffects":true,"showParticleSystems":true},"in2DMode":false,"pivot":{"x":2.9820480346679689,"y":5.641519546508789,"z":7.1215009689331059},"rotation":{"x":0.3882129192352295,"y":0.4685935080051422,"z":-0.2406449019908905,"w":0.7562505602836609},"size":19.14200210571289,"orthographic":false}